<?xml version="1.0" encoding="UTF-8"?>
<overrides>
	<contextmenu>
		<!-- Enable context menu on control 211 -->
		<enableon>211</enableon>

		<!-- Add enable/disable controls -->
		<item control="313" condition="String.IsEqual(Container(211).ListItem.Property(skinshortcuts-disabled),False)">$LOCALIZE[24021]</item>
		<item control="313" condition="String.IsEqual(Container(211).ListItem.Property(skinshortcuts-disabled),True)">$LOCALIZE[24022]</item>
	</contextmenu>

	<!-- Static groups of available shortcuts -->
	<static>
		<common>
			<item label="10006" icon="DefaultVideo.png">ActivateWindow(Videos)</item>
			<item label="342" icon="DefaultMovies.png">ActivateWindow(Videos,videodb://movies/titles/,return)</item>
			<item label="20343" icon="DefaultTVShows.png">ActivateWindow(Videos,videodb://tvshows/titles/,return)</item>
			<item label="32022" icon="DefaultTVShows.png">ActivateWindow(TVGuide)</item>
			<item label="32087" icon="DefaultTVShows.png">ActivateWindow(RadioGuide)</item>
			<item label="10005" icon="DefaultMusicAlbums.png">ActivateWindow(Music)</item>
			<item label="589" icon="DefaultMusicAlbums.png">PlayerControl(PartyMode)</item>
			<item label="32108" icon="DefaultMusicVideos.png">PlayerControl(PartyMode(Video))</item>
			<item label="20389" icon="DefaultMusicVideos.png">ActivateWindow(Videos,videodb://musicvideos/titles/,return)</item>
			<item label="15016" icon="DefaultGames.png">ActivateWindow(Games)</item>
			<item label="10002" icon="DefaultPicture.png">ActivateWindow(Pictures)</item>
			<item label="12600" icon="Weather.png">ActivateWindow(Weather)</item>
			<item label="10001" icon="DefaultProgram.png">ActivateWindow(Programs,Addons,return)</item>
			<item label="32032" icon="DefaultDVDFull.png">PlayDVD</item>
			<item label="32033" icon="DefaultDVDFull.png">EjectTray()</item>
			<item label="10004" icon="Settings.png">ActivateWindow(Settings)</item>
			<item label="7" icon="DefaultFolder.png">ActivateWindow(FileManager)</item>
			<item label="13200" icon="UnknownUser.png">ActivateWindow(Profiles)</item>
			<item label="10007" icon="SystemInfo.png">ActivateWindow(SystemInfo)</item>
			<item label="14111" icon="Events.png">ActivateWindow(EventLog,events://,return)</item>
			<item label="1036" icon="Favourites.png">ActivateWindow(Favourites)</item>
		</common>
		<commands>
			<item label="13013" icon="Reboot.png">Reboot</item>
			<item label="13005" icon="Shutdown.png">ShutDown</item>
			<item label="13016" icon="PowerDown.png">PowerDown</item>
			<item label="13009" icon="Quit.png">Quit</item>
			<item label="13313" icon="RestartApp.png" condition="System.Platform.Windows | [System.Platform.Linux + !System.Platform.Linux.RaspberryPi]">RestartApp</item>
			<item label="13010" icon="Hibernate.png">Hibernate</item>
			<item label="13011" icon="Suspend.png">Suspend</item>
			<item label="19026" icon="ShutdownTimer.png">AlarmClock(shutdowntimer,XBMC.Shutdown())</item>
			<item label="20151" icon="CancelShutdownTimer.png">CancelAlarm(shutdowntimer)</item>
			<item label="20126" icon="LogOff.png" condition="System.HasLoginScreen">System.LogOff</item>
			<item label="360" icon="ActivateScreensaver.png">ActivateScreensaver</item>
			<item label="13014" icon="Minimize.png">Minimize</item>
			<item label="20045" icon="Mastermode.png">Mastermode</item>
			<item label="600" icon="RipCD.png">RipCD</item>
			<item label="32046" icon="UpdateVideoLibrary.png">UpdateLibrary(video,,true)</item>
			<item label="32047" icon="UpdateMusicLibrary.png">UpdateLibrary(music,,true)</item>
			<item label="32055" icon="CleanVideoLibrary.png">CleanLibrary(video,true)</item>
			<item label="32056" icon="CleanMusicLibrary.png">CleanLibrary(music,true)</item>
		</commands>
		<settings>
			<item label="10004" icon="Settings.png">ActivateWindow(Settings)</item>
			<item label="19020" icon="PVRSettings.png">ActivateWindow(PVRSettings)</item>
			<item label="24001" icon="DefaultAddon.png">ActivateWindow(AddonBrowser)</item>
			<item label="14036" icon="ServiceSettings.png">ActivateWindow(ServiceSettings)</item>
			<item label="13000" icon="SystemSettings.png">ActivateWindow(SystemSettings)</item>
			<item label="20077" icon="SkinSettings.png">ActivateWindow(SkinSettings)</item>
			<item label="14200" icon="PlayerSettings.png">ActivateWindow(PlayerSettings)</item>
			<item label="14202" icon="LibrarySettings.png">ActivateWindow(LibrarySettings)</item>
			<item label="14206" icon="InterfaceSettings.png">ActivateWindow(InterfaceSettings)</item>
			<item label="15016" icon="">ActivateWindow(GameSettings)</item>
		</settings>
		<pvr-tv>
			<item label="19019" icon="DefaultTVShows.png">ActivateWindow(TVChannels)</item>
			<item label="22020" icon="DefaultTVShows.png">ActivateWindow(TVGuide)</item>
			<item label="19163" icon="DefaultTVShows.png">ActivateWindow(TVRecordings)</item>
			<item label="19040" icon="DefaultTVShows.png">ActivateWindow(TVTimers)</item>
			<item label="19138" icon="DefaultTVShows.png">ActivateWindow(TVTimerRules)</item>
			<item label="137" icon="DefaultTVShows.png">ActivateWindow(TVSearch)</item>
			<item label="32066" icon="DefaultTVShows.png">PlayPvrTV</item>
			<item label="32068" icon="DefaultTVShows.png">PlayPvr</item>
		</pvr-tv>
		<pvr-radio>
			<item label="19019" icon="DefaultAudio.png">ActivateWindow(RadioChannels)</item>
			<item label="22020" icon="DefaultAudio.png">ActivateWindow(RadioGuide)</item>
			<item label="19163" icon="DefaultAudio.png">ActivateWindow(RadioRecordings)</item>
			<item label="19040" icon="DefaultAudio.png">ActivateWindow(RadioTimers)</item>
			<item label="19138" icon="DefaultAudio.png">ActivateWindow(RadioTimerRules)</item>
			<item label="137" icon="DefaultAudio.png">ActivateWindow(RadioSearch)</item>
			<item label="32067" icon="DefaultAudio.png">PlayPvrRadio</item>
			<item label="32068" icon="DefaultAudio.png">PlayPvr</item>
		</pvr-radio>
	</static>
	
	<groupings>
        
        <!-- script.skin.helper.service smart shortcuts -->
        <shortcut label="$ADDON[script.skin.helper.service 32062]" type="32010" condition="System.HasAddon(script.skin.helper.service)">||BROWSE||script.skin.helper.service/?action=smartshortcuts</shortcut>
        
		<node label="32029">
			<content>common</content>
		</node>
		<node label="32030">
			<content>video</content>
			<node label="32040">
				<content>playlist-video</content>
			</node>
			<node label="32010">
				<shortcut label="1037" type="32014" icon="DefaultAddonVideo.png">ActivateWindow(Videos,Addons,return)</shortcut>
				<content>addon-video</content>
			</node>
			<node label="32075">
				<content>videosources</content>
				<content>upnp-video</content>
			</node>
		</node>
		<node label="32031">
			<content>music</content>
			<node label="32040">
				<content>playlist-audio</content>
			</node>
			<node label="32011">
				<shortcut label="1038" type="32019" icon="DefaultAddonMusic.png">ActivateWindow(MusicLibrary,Addons,return)</shortcut>
				<content>addon-audio</content>
			</node>
			<node label="32075">
				<content>musicsources</content>
				<content>upnp-music</content>
			</node>
		</node>
		<node label="32017" condition="System.GetBool(pvrmanager.enabled)" version="13">
			<content>pvr</content>
			<node label="19023">
				<content>pvr-tv</content>
			</node>
			<node label="19024">
				<content>pvr-radio</content>
			</node>
		</node>
		<node label="32017" condition="PVR.HasTVChannels" version="14">
			<content>pvr</content>
			<node label="19023">
				<content>pvr-tv</content>
			</node>
		</node>
		<node label="32087" condition="PVR.HasRadioChannels" version="14">
			<content>radio</content>
			<node label="19024">
				<content>pvr-radio</content>
			</node>
		</node>
		<node label="32020">
			<content>picturesources</content>
			<node label="32012">
				<shortcut label="1039" type="32020" icon="DefaultAddonPicture.png">ActivateWindow(Pictures,Addons,return)</shortcut>
				<content>addon-image</content>
			</node>
		</node>
		<node label="15016" version="18">
			<content>gamesources</content>
			<node label="35049">
				<shortcut label="35049" type="Games" icon="DefaultAddonGame.png">ActivateWindow(Games,Addons,return)</shortcut>
				<content>addon-game</content>
			</node>
		</node>
		<node label="32007">
			<node label="32009">
				<shortcut label="10001" type="32021" icon="DefaultAddonProgram.png">ActivateWindow(Programs,Addons,return)</shortcut>
				<shortcut label="20244" type="32021" icon="DefaultAddonProgram.png" condition="System.Platform.Android">ActivateWindow(Programs,androidapp://sources/apps,return)</shortcut>
				<content>addon-program</content>
			</node>
			<node label="32010">
				<shortcut label="1037" type="32014" icon="DefaultAddonVideo.png">ActivateWindow(Videos,Addons,return)</shortcut>
				<content>addon-video</content>
			</node>
			<node label="32011">
				<shortcut label="1038" type="32019" icon="DefaultAddonMusic.png">ActivateWindow(MusicLibrary,Addons,return)</shortcut>
				<content>addon-audio</content>
			</node>
			<node label="32012">
				<shortcut label="1039" type="32020" icon="DefaultAddonPicture.png">ActivateWindow(Pictures,Addons,return)</shortcut>
				<content>addon-image</content>
			</node>
			<node label="35049" version="18">
				<shortcut label="35049" type="15016" icon="DefaultAddonGame.png">ActivateWindow(Games,Addons,return)</shortcut>
				<content>addon-game</content>
			</node>
		</node>
		<node label="32006">
			<content>favourite</content>
		</node>
		<node label="10004">
			<content>settings</content>
		</node>
		<node label="32054">
			<content>commands</content>
		</node>
	</groupings>

	<widget-groupings>
        <!-- script.skin.helper.service default widgets -->
        <shortcut label="$ADDON[script.skin.helper.service 32063]" type="32010" condition="System.HasAddon(script.skin.helper.service)">||BROWSE||script.skin.helper.service/?action=widgets&amp;path=skinplaylists,librarydataprovider,scriptwidgets,extendedinfo,smartshortcuts,pvr,smartishwidgets</shortcut>

        <shortcut label="32107" type="32010" condition="!System.HasAddon(script.skin.helper.service)">::INSTALL::script.skin.helper.service</shortcut>
	
        <content>widgets</content>
		<node label="32030">
			<content>video</content>
			<node label="32040">
				<content>playlist-video</content>
			</node>
			<node label="32010">
				<content>addon-video</content>
			</node>
			<node label="32075">
				<content>videosources</content>
			</node>
		</node>
		<node label="32031">
			<content>music</content>
			<node label="32040">
				<content>playlist-audio</content>
			</node>
			<node label="32011">
				<content>addon-audio</content>
			</node>
			<node label="32075">
				<content>musicsources</content>
			</node>
		</node>
		<node label="32020">
			<content>picturesources</content>
		</node>
		<node label="32007">
			<node label="32009">
				<content>addon-program-plugin</content>
			</node>
			<node label="32010">
				<content>addon-video</content>
			</node>
			<node label="32011">
				<content>addon-audio</content>
			</node>
			<node label="32012">
				<content>addon-image</content>
			</node>
			<node label="35049" version="18">
				<content>addon-game-plugin</content>
			</node>
			<shortcut label="10001" type="32021" icon="DefaultAddonProgram.png" widget="addon" widgetType="program" widgetTarget="programs">addons://sources/executable</shortcut>
			<shortcut label="20244" type="32021" icon="DefaultAddonProgram.png" widget="addon" widgetType="program" widgetTarget="programs" condition="System.Platform.Android">androidapp://sources/apps</shortcut>
			<shortcut label="1037" type="32014" icon="DefaultAddonVideo.png" widget="addon" widgetType="video" widgetTarget="video">addons://sources/video</shortcut>
			<shortcut label="1038" type="32019" icon="DefaultAddonMusic.png" widget="addon" widgetType="music" widgetTarget="music">addons://sources/audio</shortcut>
			<shortcut label="1039" type="32020" icon="DefaultAddonPicture.png" widget="addon" widgetType="picture" widgetTarget="pictures">addons://sources/image</shortcut>
			<shortcut label="35049" type="15016" icon="DefaultAddonGame.png" widget="addon" widgetType="games" widgetTarget="games">addons://sources/game</shortcut>
		</node>
	</widget-groupings>
</overrides>
